0.309228, 0.33549, 0.460526, 0.375
0.292299, 0.310509, 0.616228, 0.517857
0.279643, 0.29537, 0.550439, 0.5
0.269745, 0.28163, 0.682018, 0.660714
0.262428, 0.27184, 0.657895, 0.696429
0.255931, 0.262492, 0.701754, 0.732143
0.250541, 0.255072, 0.690789, 0.75
0.245518, 0.247517, 0.717105, 0.75
0.241272, 0.241566, 0.719298, 0.75
0.237231, 0.235159, 0.734649, 0.767857
0.233953, 0.230458, 0.721491, 0.75
0.230776, 0.225004, 0.741228, 0.785714
0.228803, 0.221931, 0.730263, 0.767857
0.227195, 0.218085, 0.745614, 0.785714
0.229282, 0.219458, 0.72807, 0.696429
0.23394, 0.221939, 0.745614, 0.75
0.252372, 0.24078, 0.66886, 0.678571
0.264288, 0.251016, 0.703947, 0.696429
0.281583, 0.27064, 0.60307, 0.607143
0.248569, 0.234926, 0.723684, 0.75
0.23683, 0.222772, 0.703947, 0.714286
0.221866, 0.207702, 0.763158, 0.767857
0.217433, 0.202001, 0.754386, 0.821429
0.212803, 0.197584, 0.774123, 0.821429
0.210796, 0.194026, 0.77193, 0.821429
0.208062, 0.191719, 0.780702, 0.821429
0.206897, 0.188774, 0.780702, 0.821429
0.204921, 0.187724, 0.785088, 0.821429
0.205062, 0.185491, 0.77193, 0.821429
0.204548, 0.186872, 0.782895, 0.803571
0.209156, 0.187753, 0.760965, 0.821429
0.213711, 0.195503, 0.780702, 0.803571
0.232215, 0.209549, 0.708333, 0.732143
0.238528, 0.219029, 0.747807, 0.767857
0.257275, 0.236461, 0.653509, 0.642857
0.23085, 0.212913, 0.756579, 0.767857
0.225248, 0.204295, 0.72807, 0.75
0.207656, 0.191602, 0.787281, 0.803571
0.204046, 0.183711, 0.77193, 0.839286
0.197711, 0.181809, 0.782895, 0.821429
0.196604, 0.176146, 0.780702, 0.839286
0.193359, 0.177414, 0.800439, 0.821429
0.194022, 0.172705, 0.780702, 0.839286
0.192558, 0.176965, 0.802632, 0.803571
0.197057, 0.174073, 0.776316, 0.857143
0.198858, 0.183786, 0.800439, 0.803571
0.213038, 0.188134, 0.747807, 0.803571
0.216659, 0.201095, 0.77193, 0.785714
0.236537, 0.21218, 0.697368, 0.696429
0.220744, 0.205626, 0.767544, 0.785714
0.222894, 0.199511, 0.725877, 0.732143
0.202166, 0.189194, 0.79386, 0.803571
0.199742, 0.177703, 0.77193, 0.839286
0.190033, 0.177878, 0.811404, 0.803571
0.189722, 0.168344, 0.780702, 0.857143
0.184972, 0.173286, 0.813596, 0.803571
0.187108, 0.165113, 0.785088, 0.857143
0.184997, 0.174202, 0.820175, 0.803571
0.191924, 0.168145, 0.776316, 0.875
0.192735, 0.182886, 0.811404, 0.803571
0.208417, 0.182837, 0.75, 0.803571
0.207325, 0.197383, 0.785088, 0.785714
0.223603, 0.198366, 0.723684, 0.732143
0.206711, 0.197437, 0.782895, 0.785714
0.209558, 0.18549, 0.747807, 0.803571
0.191517, 0.183812, 0.811404, 0.803571
0.19107, 0.168617, 0.778509, 0.857143
0.181329, 0.174395, 0.824561, 0.803571
0.182647, 0.160855, 0.800439, 0.875
0.177525, 0.171448, 0.828947, 0.803571
0.182037, 0.159373, 0.798246, 0.875
0.179917, 0.175202, 0.824561, 0.803571
0.190576, 0.165904, 0.774123, 0.857143
0.19043, 0.186714, 0.809211, 0.803571
0.207978, 0.182053, 0.743421, 0.767857
0.200956, 0.197221, 0.802632, 0.785714
0.212462, 0.187191, 0.741228, 0.767857
0.193535, 0.19076, 0.809211, 0.803571
0.195107, 0.17136, 0.765351, 0.803571
0.179961, 0.17823, 0.824561, 0.803571
0.180739, 0.158605, 0.800439, 0.875
0.172303, 0.171317, 0.839912, 0.803571
0.17539, 0.15346, 0.804825, 0.892857
0.170974, 0.17132, 0.844298, 0.803571
0.178496, 0.155096, 0.802632, 0.875
0.177174, 0.179249, 0.828947, 0.803571
0.191974, 0.166483, 0.765351, 0.839286
0.190214, 0.192912, 0.813596, 0.803571
0.207144, 0.181215, 0.752193, 0.767857
0.193867, 0.196616, 0.802632, 0.803571
0.199686, 0.17489, 0.758772, 0.785714
0.180794, 0.184507, 0.824561, 0.803571
0.181044, 0.158263, 0.796053, 0.857143
0.168763, 0.173085, 0.848684, 0.803571
0.170258, 0.148842, 0.820175, 0.892857
0.163596, 0.168907, 0.85307, 0.803571
0.168414, 0.146467, 0.822368, 0.892857
0.165653, 0.17295, 0.857456, 0.803571
0.176596, 0.152442, 0.798246, 0.875
0.176999, 0.186131, 0.826754, 0.821429
0.195162, 0.169142, 0.765351, 0.767857
0.190896, 0.199881, 0.804825, 0.803571
0.203332, 0.177707, 0.760965, 0.75
0.185122, 0.194342, 0.811404, 0.803571
0.185285, 0.161523, 0.782895, 0.839286
0.168223, 0.178016, 0.850877, 0.821429
0.167293, 0.146037, 0.826754, 0.910714
0.157739, 0.167849, 0.859649, 0.803571
0.159594, 0.139257, 0.826754, 0.946429
0.155029, 0.166699, 0.866228, 0.821429
0.161448, 0.139636, 0.828947, 0.928571
0.161454, 0.175993, 0.861842, 0.821429
0.175995, 0.151171, 0.798246, 0.875
0.179602, 0.19564, 0.820175, 0.803571
0.199269, 0.17303, 0.765351, 0.75
0.192054, 0.206922, 0.798246, 0.803571
0.19627, 0.171208, 0.769737, 0.767857
0.175062, 0.190382, 0.828947, 0.803571
0.170161, 0.148088, 0.817982, 0.910714
0.155584, 0.17063, 0.861842, 0.821429
0.153597, 0.134499, 0.839912, 0.946429
0.146376, 0.161564, 0.872807, 0.821429
0.148246, 0.129536, 0.850877, 0.928571
0.145843, 0.1635, 0.872807, 0.821429
0.153464, 0.132189, 0.837719, 0.928571
0.157384, 0.179173, 0.857456, 0.821429
0.175398, 0.150119, 0.802632, 0.875
0.184948, 0.207404, 0.802632, 0.803571
0.204112, 0.177831, 0.758772, 0.732143
0.194699, 0.214791, 0.789474, 0.803571
0.187836, 0.163532, 0.776316, 0.803571
0.164898, 0.185595, 0.850877, 0.821429
0.155644, 0.135868, 0.83114, 0.928571
0.143144, 0.162187, 0.872807, 0.821429
0.140273, 0.12401, 0.864035, 0.910714
0.134585, 0.153546, 0.883772, 0.821429
0.136041, 0.119794, 0.866228, 0.892857
0.135117, 0.157594, 0.877193, 0.821429
0.142913, 0.123099, 0.857456, 0.928571
0.150684, 0.179217, 0.864035, 0.821429
0.171192, 0.145964, 0.809211, 0.875
0.190572, 0.219095, 0.798246, 0.803571
0.209563, 0.183223, 0.747807, 0.714286
0.202186, 0.226464, 0.780702, 0.803571
0.182071, 0.158388, 0.782895, 0.839286
0.157457, 0.182831, 0.855263, 0.821429
0.143874, 0.126433, 0.859649, 0.928571
0.13228, 0.154147, 0.883772, 0.821429
0.128537, 0.115426, 0.883772, 0.892857
0.123358, 0.144517, 0.894737, 0.821429
0.123894, 0.110977, 0.883772, 0.892857
0.122998, 0.148148, 0.892544, 0.821429
0.129252, 0.112454, 0.870614, 0.910714
0.137782, 0.171211, 0.868421, 0.821429
0.1575, 0.133671, 0.833333, 0.910714
0.186812, 0.222415, 0.809211, 0.803571
0.211097, 0.184467, 0.745614, 0.75
0.218845, 0.245787, 0.769737, 0.803571
0.185051, 0.161176, 0.782895, 0.839286
0.158513, 0.188626, 0.848684, 0.821429
0.137636, 0.121252, 0.864035, 0.928571
0.125224, 0.150003, 0.888158, 0.821429
0.119973, 0.109307, 0.894737, 0.910714
0.114485, 0.137095, 0.899123, 0.821429
0.113792, 0.104275, 0.894737, 0.910714
0.11189, 0.137684, 0.901316, 0.839286
0.11544, 0.102917, 0.892544, 0.875
0.120769, 0.155393, 0.888158, 0.821429
0.134955, 0.115013, 0.864035, 0.928571
0.162866, 0.206175, 0.842105, 0.821429
0.192661, 0.166075, 0.765351, 0.803571
0.231542, 0.262545, 0.765351, 0.803571
0.200816, 0.175781, 0.754386, 0.785714
0.179591, 0.213962, 0.811404, 0.803571
0.141313, 0.123215, 0.859649, 0.928571
0.125465, 0.155401, 0.883772, 0.821429
0.115995, 0.10575, 0.894737, 0.910714
0.109369, 0.134324, 0.905702, 0.839286
0.107154, 0.0998292, 0.914474, 0.910714
0.104098, 0.130161, 0.912281, 0.839286
0.105157, 0.0966192, 0.907895, 0.892857
0.106634, 0.13957, 0.901316, 0.839286
0.113983, 0.0997565, 0.890351, 0.910714
0.130063, 0.175271, 0.868421, 0.821429
0.15258, 0.129268, 0.835526, 0.892857
0.202418, 0.246273, 0.796053, 0.803571
0.208885, 0.182572, 0.747807, 0.785714
0.223063, 0.256997, 0.77193, 0.803571
0.15921, 0.137339, 0.833333, 0.857143
0.139823, 0.177637, 0.864035, 0.821429
0.117841, 0.105378, 0.892544, 0.928571
0.108913, 0.138465, 0.903509, 0.839286
0.103975, 0.0969302, 0.914474, 0.910714
0.0998223, 0.12735, 0.914474, 0.839286
0.0989885, 0.0928299, 0.916667, 0.892857
0.0981019, 0.12959, 0.914474, 0.839286
0.101003, 0.0916703, 0.916667, 0.892857
0.107816, 0.14954, 0.899123, 0.839286
0.119374, 0.102343, 0.879386, 0.946429
0.150735, 0.203683, 0.857456, 0.821429
0.172934, 0.14771, 0.800439, 0.821429
0.227075, 0.267825, 0.785088, 0.803571
0.185475, 0.160375, 0.787281, 0.803571
0.182636, 0.225505, 0.813596, 0.803571
0.131317, 0.113452, 0.879386, 0.946429
0.119238, 0.157716, 0.881579, 0.821429
0.105746, 0.0961568, 0.910088, 0.892857
0.100075, 0.131893, 0.910088, 0.839286
0.0966919, 0.0905851, 0.91886, 0.892857
0.0944152, 0.126583, 0.916667, 0.857143
0.0945382, 0.0878247, 0.916667, 0.892857
0.0966707, 0.135227, 0.912281, 0.839286
0.101303, 0.0898924, 0.914474, 0.910714
0.115768, 0.166334, 0.890351, 0.839286
0.128902, 0.109239, 0.868421, 0.928571
0.172801, 0.228343, 0.835526, 0.821429
0.177337, 0.151864, 0.798246, 0.803571
0.217386, 0.261468, 0.789474, 0.803571
0.154977, 0.132039, 0.83114, 0.875
0.149623, 0.197457, 0.855263, 0.821429
0.114501, 0.0999527, 0.899123, 0.946429
0.107381, 0.14708, 0.899123, 0.839286
0.0978818, 0.0896623, 0.91886, 0.892857
0.094597, 0.130125, 0.916667, 0.857143
0.0920081, 0.0857198, 0.923246, 0.892857
0.092037, 0.130026, 0.916667, 0.857143
0.092891, 0.0847071, 0.921053, 0.910714
0.0993889, 0.145721, 0.905702, 0.839286
0.104801, 0.0909722, 0.912281, 0.946429
0.128039, 0.185551, 0.868421, 0.821429
0.137457, 0.116086, 0.846491, 0.910714
0.185267, 0.241343, 0.820175, 0.803571
0.165124, 0.140433, 0.820175, 0.803571
0.190736, 0.241452, 0.811404, 0.803571
0.133207, 0.112848, 0.868421, 0.910714
0.129802, 0.179762, 0.866228, 0.821429
0.104218, 0.0918104, 0.91886, 0.964286
0.100235, 0.14217, 0.905702, 0.839286
0.0924484, 0.0848233, 0.923246, 0.910714
0.0912243, 0.130964, 0.916667, 0.857143
0.0889213, 0.082125, 0.925439, 0.910714
0.0914901, 0.13523, 0.914474, 0.857143
0.0924237, 0.0829048, 0.929825, 0.946429
0.103365, 0.156264, 0.899123, 0.839286
0.107622, 0.0922781, 0.910088, 0.946429
0.136794, 0.198485, 0.866228, 0.821429
0.138574, 0.116828, 0.842105, 0.910714
0.183387, 0.241487, 0.824561, 0.803571
0.149495, 0.126102, 0.826754, 0.892857
0.16865, 0.224446, 0.835526, 0.821429
0.119987, 0.10167, 0.888158, 0.946429
0.119215, 0.17117, 0.881579, 0.839286
0.0978819, 0.0865898, 0.923246, 0.964286
0.0961792, 0.141191, 0.907895, 0.839286
0.0887482, 0.0812595, 0.929825, 0.928571
0.0893419, 0.133332, 0.921053, 0.857143
0.086754, 0.0794867, 0.936404, 0.946429
0.091576, 0.140271, 0.910088, 0.839286
0.0917491, 0.0814903, 0.925439, 0.982143
0.105766, 0.163356, 0.89693, 0.839286
0.107456, 0.0917182, 0.905702, 0.946429
0.138424, 0.202881, 0.866228, 0.821429
0.133345, 0.112166, 0.855263, 0.892857
0.174072, 0.235437, 0.833333, 0.821429
0.13752, 0.115392, 0.846491, 0.910714
0.155836, 0.215248, 0.844298, 0.821429
0.11257, 0.0953984, 0.903509, 0.946429
0.114379, 0.16902, 0.890351, 0.839286
0.0939918, 0.0831217, 0.925439, 0.964286
0.0940575, 0.142489, 0.910088, 0.839286
0.0860573, 0.0785724, 0.936404, 0.946429
0.0880284, 0.135747, 0.921053, 0.857143
0.0846622, 0.0772885, 0.934211, 0.964286
0.0908382, 0.143141, 0.914474, 0.839286
0.0897515, 0.0795791, 0.925439, 0.982143
0.104698, 0.165169, 0.89693, 0.839286
0.103862, 0.0887519, 0.907895, 0.946429
0.133551, 0.200249, 0.870614, 0.839286
0.12521, 0.105184, 0.864035, 0.892857
0.163346, 0.228249, 0.839912, 0.821429
0.129698, 0.108519, 0.864035, 0.910714
0.150601, 0.213219, 0.85307, 0.821429
0.109352, 0.0924053, 0.912281, 0.946429
0.114051, 0.172159, 0.888158, 0.839286
0.0920416, 0.0809954, 0.925439, 0.964286
0.093545, 0.145573, 0.910088, 0.839286
0.0840574, 0.0765153, 0.934211, 0.964286
0.0868153, 0.137557, 0.921053, 0.857143
0.0822775, 0.0752183, 0.932018, 0.982143
0.0886554, 0.143128, 0.916667, 0.857143
0.0862503, 0.0769582, 0.932018, 0.982143
0.100072, 0.16182, 0.899123, 0.839286
0.0976333, 0.0840345, 0.91886, 0.964286
0.123958, 0.192275, 0.881579, 0.839286
0.115603, 0.0972708, 0.883772, 0.910714
0.151853, 0.220257, 0.85307, 0.821429
0.124218, 0.103808, 0.866228, 0.892857
0.150192, 0.216055, 0.857456, 0.821429
0.109581, 0.0920636, 0.903509, 0.946429
0.11839, 0.18065, 0.881579, 0.839286
0.0921861, 0.0802624, 0.927632, 0.982143
0.0951521, 0.151173, 0.905702, 0.839286
0.0828969, 0.0750626, 0.934211, 0.982143
0.0859534, 0.139268, 0.923246, 0.857143
0.0798047, 0.0732922, 0.934211, 0.982143
0.0854474, 0.140914, 0.923246, 0.857143
0.0818135, 0.0739993, 0.934211, 0.982143
0.0930599, 0.154549, 0.910088, 0.839286
0.089875, 0.0785748, 0.925439, 0.982143
0.11116, 0.179781, 0.894737, 0.839286
0.10452, 0.0886373, 0.903509, 0.928571
0.137388, 0.208849, 0.868421, 0.839286
0.117911, 0.0986521, 0.879386, 0.910714
0.149914, 0.219267, 0.857456, 0.821429
0.112406, 0.093888, 0.888158, 0.928571
0.128203, 0.194935, 0.879386, 0.839286
0.0953337, 0.0815845, 0.923246, 0.964286
0.100734, 0.16169, 0.899123, 0.839286
0.0833479, 0.0745358, 0.934211, 0.982143
0.0866169, 0.142797, 0.91886, 0.857143
0.0779423, 0.0717694, 0.934211, 0.982143
0.082402, 0.138296, 0.923246, 0.857143
0.0773914, 0.0712853, 0.934211, 0.982143
0.0854161, 0.145289, 0.921053, 0.857143
0.0817572, 0.0733843, 0.934211, 0.982143
0.0968454, 0.163561, 0.907895, 0.839286
0.0921621, 0.0797525, 0.91886, 0.964286
0.118281, 0.190961, 0.888158, 0.839286
0.107093, 0.0902827, 0.89693, 0.928571
0.141654, 0.214862, 0.868421, 0.839286
0.114302, 0.0953613, 0.881579, 0.910714
0.141241, 0.212094, 0.864035, 0.839286
0.102816, 0.0862985, 0.905702, 0.964286
0.114236, 0.181295, 0.885965, 0.839286
0.087258, 0.0760401, 0.934211, 0.982143
0.0916507, 0.152311, 0.910088, 0.839286
0.0779817, 0.0711478, 0.934211, 0.982143
0.0814154, 0.138358, 0.923246, 0.857143
0.0741815, 0.0693385, 0.936404, 0.964286
0.0791818, 0.136878, 0.923246, 0.857143
0.0746742, 0.0693855, 0.934211, 0.982143
0.0836147, 0.146043, 0.921053, 0.857143
0.0799676, 0.0720067, 0.934211, 0.982143
0.0965525, 0.166217, 0.907895, 0.839286
0.0912691, 0.0789681, 0.916667, 0.946429
0.119373, 0.19469, 0.888158, 0.839286
0.106354, 0.089541, 0.894737, 0.928571
0.142024, 0.217161, 0.868421, 0.839286
0.111609, 0.0929555, 0.883772, 0.928571
0.137554, 0.210144, 0.868421, 0.839286
0.0983258, 0.0827124, 0.910088, 0.964286
0.108525, 0.176582, 0.894737, 0.839286
0.0829203, 0.0730159, 0.936404, 0.982143
0.0866524, 0.14763, 0.916667, 0.857143
0.0740605, 0.0687148, 0.936404, 0.964286
0.0769557, 0.13394, 0.927632, 0.857143
0.0703327, 0.0671331, 0.934211, 0.964286
0.0745953, 0.132104, 0.927632, 0.857143
0.0705284, 0.0670556, 0.936404, 0.964286
0.0782754, 0.140401, 0.923246, 0.857143
0.0752087, 0.0691594, 0.932018, 0.982143
0.0900857, 0.159919, 0.914474, 0.839286
0.0861034, 0.0755049, 0.927632, 0.946429
0.11312, 0.190098, 0.892544, 0.839286
0.10278, 0.0869025, 0.899123, 0.928571
0.141075, 0.218745, 0.872807, 0.839286
0.112758, 0.0937835, 0.885965, 0.928571
0.144067, 0.218723, 0.866228, 0.839286
0.100265, 0.083716, 0.907895, 0.946429
0.112232, 0.182725, 0.888158, 0.839286
0.0821269, 0.071995, 0.936404, 0.982143
0.0852251, 0.147216, 0.916667, 0.857143
0.0713605, 0.0669442, 0.936404, 0.964286
0.0729933, 0.128967, 0.932018, 0.857143
0.0663486, 0.0651555, 0.942982, 0.964286
0.068735, 0.12351, 0.936404, 0.875
0.0650393, 0.0645703, 0.940789, 0.964286
0.0696609, 0.127611, 0.936404, 0.875
0.0673974, 0.0652471, 0.938596, 0.964286
0.076968, 0.14216, 0.925439, 0.857143
0.0752922, 0.0690104, 0.934211, 0.982143
0.0953219, 0.170373, 0.907895, 0.839286
0.0916323, 0.079204, 0.91886, 0.946429
0.128693, 0.209517, 0.879386, 0.839286
0.113001, 0.0944708, 0.885965, 0.928571
0.158371, 0.235537, 0.848684, 0.839286
0.112865, 0.0931206, 0.885965, 0.928571
0.136197, 0.210416, 0.870614, 0.839286
0.089153, 0.0755677, 0.923246, 0.982143
0.0931681, 0.159178, 0.910088, 0.839286
0.0719491, 0.0664379, 0.936404, 0.964286
0.072018, 0.127622, 0.932018, 0.857143
0.0637232, 0.0638123, 0.949561, 0.964286
0.0639042, 0.114465, 0.942982, 0.892857
0.0600625, 0.0629284, 0.953947, 0.928571
0.0612264, 0.111642, 0.940789, 0.892857
0.0592257, 0.0624436, 0.951754, 0.928571
0.0624045, 0.116849, 0.942982, 0.892857
0.0615808, 0.0627359, 0.947368, 0.964286
0.069409, 0.132326, 0.934211, 0.892857
0.0697639, 0.0660549, 0.940789, 0.982143
0.0890163, 0.164426, 0.914474, 0.857143
0.089305, 0.0778942, 0.921053, 0.946429
0.131912, 0.21546, 0.881579, 0.839286
0.120491, 0.10069, 0.881579, 0.928571
0.179532, 0.255622, 0.839912, 0.821429
0.120404, 0.0986662, 0.883772, 0.928571
0.145303, 0.219152, 0.861842, 0.839286
0.086568, 0.0732538, 0.925439, 0.982143
0.0868842, 0.150124, 0.912281, 0.839286
0.0670679, 0.0638947, 0.945175, 0.964286
0.0652089, 0.115362, 0.938596, 0.892857
0.058901, 0.062326, 0.958333, 0.928571
0.057774, 0.101978, 0.945175, 0.892857
0.0551395, 0.062023, 0.962719, 0.928571
0.0547743, 0.0979679, 0.945175, 0.892857
0.0534913, 0.061558, 0.960526, 0.928571
0.054142, 0.0998974, 0.945175, 0.892857
0.0537461, 0.0609177, 0.960526, 0.928571
0.0565169, 0.108652, 0.942982, 0.892857
0.0572988, 0.0610404, 0.951754, 0.964286
0.0657884, 0.129517, 0.938596, 0.892857
0.0689328, 0.0657175, 0.940789, 0.964286
0.0944576, 0.174748, 0.912281, 0.839286
0.0995333, 0.08565, 0.903509, 0.928571
0.163238, 0.247049, 0.850877, 0.839286
0.144621, 0.120531, 0.846491, 0.892857
0.214448, 0.282255, 0.809211, 0.803571
0.108471, 0.0880864, 0.894737, 0.928571
0.114469, 0.184434, 0.888158, 0.839286
0.0719779, 0.0648644, 0.938596, 0.964286
0.0681932, 0.119764, 0.934211, 0.875
0.0587486, 0.061581, 0.958333, 0.946429
0.0564519, 0.0974115, 0.942982, 0.892857
0.053436, 0.0618598, 0.962719, 0.928571
0.0521001, 0.0893333, 0.947368, 0.892857
0.0506963, 0.062049, 0.964912, 0.928571
0.0499231, 0.0870316, 0.947368, 0.892857
0.0491823, 0.0617216, 0.964912, 0.928571
0.0489886, 0.0885198, 0.947368, 0.892857
0.0487952, 0.060902, 0.962719, 0.928571
0.0497007, 0.0945419, 0.947368, 0.892857
0.0503943, 0.0599357, 0.964912, 0.928571
0.0543482, 0.109068, 0.945175, 0.892857
0.0571735, 0.0608131, 0.95614, 0.964286
0.0715626, 0.143327, 0.929825, 0.875
0.0803238, 0.0729558, 0.925439, 0.964286
0.130936, 0.21988, 0.885965, 0.839286
0.138321, 0.1168, 0.85307, 0.892857
0.238546, 0.305873, 0.796053, 0.803571
0.136981, 0.111679, 0.859649, 0.892857
0.165059, 0.236243, 0.839912, 0.821429
0.0806093, 0.0684925, 0.938596, 0.982143
0.07536, 0.131571, 0.921053, 0.875
0.0598274, 0.0607934, 0.960526, 0.946429
0.0565622, 0.0973473, 0.945175, 0.892857
0.0527892, 0.0613049, 0.962719, 0.928571
0.0510437, 0.0858619, 0.947368, 0.892857
0.0494839, 0.0621286, 0.962719, 0.910714
0.0483686, 0.0816218, 0.951754, 0.892857
0.047474, 0.0624154, 0.964912, 0.910714
0.0467219, 0.0807219, 0.95614, 0.892857
0.0461849, 0.0621887, 0.967105, 0.928571
0.0458, 0.0823469, 0.95614, 0.892857
0.0456371, 0.0614369, 0.967105, 0.928571
0.0459307, 0.087263, 0.951754, 0.892857
0.0464524, 0.0602149, 0.967105, 0.928571
0.0486588, 0.0986325, 0.947368, 0.892857
0.0509353, 0.0595737, 0.962719, 0.946429
0.060081, 0.12586, 0.942982, 0.892857
0.0680649, 0.0662288, 0.940789, 0.964286
0.106035, 0.19451, 0.910088, 0.839286
0.123416, 0.105578, 0.868421, 0.928571
0.231399, 0.305204, 0.809211, 0.803571
0.168492, 0.140352, 0.809211, 0.821429
0.227858, 0.289542, 0.79386, 0.803571
0.0841435, 0.0703249, 0.934211, 0.982143
0.0761919, 0.131912, 0.921053, 0.875
0.0586398, 0.0604444, 0.960526, 0.946429
0.0547964, 0.0926358, 0.942982, 0.892857
0.0513581, 0.0616602, 0.962719, 0.928571
0.049531, 0.0809995, 0.95614, 0.892857
0.0481233, 0.0629303, 0.967105, 0.910714
0.0469572, 0.076645, 0.95614, 0.910714
0.0460754, 0.0635697, 0.967105, 0.910714
0.0452078, 0.075144, 0.960526, 0.910714
0.0445687, 0.0638046, 0.967105, 0.910714
0.0438981, 0.0752976, 0.960526, 0.892857
0.0434476, 0.063701, 0.967105, 0.910714
0.0429776, 0.0769482, 0.960526, 0.892857
0.0427634, 0.0631443, 0.971491, 0.928571
0.0426435, 0.0807322, 0.953947, 0.875
0.0428885, 0.0619348, 0.969298, 0.928571
0.0437563, 0.0888459, 0.953947, 0.892857
0.045237, 0.0602695, 0.969298, 0.928571
0.0498779, 0.108093, 0.945175, 0.892857
0.055528, 0.0615308, 0.951754, 0.964286
0.0778675, 0.15977, 0.914474, 0.875
0.0995612, 0.0883414, 0.899123, 0.928571
0.196456, 0.283244, 0.839912, 0.839286
0.199519, 0.170917, 0.798246, 0.803571
0.31057, 0.352829, 0.769737, 0.803571
0.0833847, 0.0699256, 0.934211, 0.982143
0.0748962, 0.130915, 0.923246, 0.875
0.0572327, 0.0599531, 0.962719, 0.946429
0.0533397, 0.0910504, 0.942982, 0.892857
0.0500203, 0.0615455, 0.962719, 0.928571
0.0482429, 0.0794478, 0.95614, 0.892857
0.0468898, 0.0630773, 0.967105, 0.910714
0.0457669, 0.0751339, 0.958333, 0.910714
0.0449037, 0.0639232, 0.967105, 0.910714
0.0440612, 0.0735715, 0.960526, 0.910714
0.0434147, 0.0643929, 0.969298, 0.910714
0.0427428, 0.0734765, 0.960526, 0.892857
0.0422495, 0.0646114, 0.969298, 0.910714
0.0417204, 0.0745204, 0.960526, 0.892857
0.0413862, 0.0645146, 0.971491, 0.910714
0.0410388, 0.0769091, 0.960526, 0.892857
0.0409521, 0.0638922, 0.971491, 0.928571
0.0409973, 0.0816205, 0.95614, 0.875
0.0414769, 0.0624945, 0.969298, 0.928571
0.0428152, 0.0916534, 0.953947, 0.892857
0.0450012, 0.0607715, 0.971491, 0.928571
0.0518542, 0.116575, 0.945175, 0.892857
0.0604363, 0.0645554, 0.951754, 0.964286
0.0954768, 0.186724, 0.912281, 0.857143
0.124635, 0.108406, 0.870614, 0.910714
0.254425, 0.327049, 0.798246, 0.803571
0.189851, 0.15985, 0.798246, 0.803571
0.26264, 0.316725, 0.785088, 0.803571
0.0756897, 0.0657964, 0.938596, 0.982143
0.0658962, 0.116233, 0.934211, 0.875
0.0538932, 0.0603402, 0.964912, 0.946429
0.050569, 0.084759, 0.949561, 0.892857
0.0481666, 0.0627153, 0.969298, 0.910714
0.0466449, 0.0757738, 0.958333, 0.910714
0.0455007, 0.0642124, 0.967105, 0.910714
0.0444903, 0.072435, 0.960526, 0.910714
0.0436832, 0.0650169, 0.967105, 0.910714
0.0428978, 0.0712197, 0.960526, 0.892857
0.0422561, 0.0655732, 0.969298, 0.910714
0.0416095, 0.0711001, 0.962719, 0.892857
0.0410852, 0.0660411, 0.969298, 0.910714
0.040543, 0.0717343, 0.962719, 0.892857
0.0401221, 0.066407, 0.969298, 0.910714
0.0396731, 0.0730788, 0.962719, 0.892857
0.0393671, 0.066536, 0.971491, 0.910714
0.0390328, 0.0753735, 0.962719, 0.892857
0.038907, 0.0661641, 0.971491, 0.928571
0.0388155, 0.0794146, 0.962719, 0.892857
0.039113, 0.0649087, 0.973684, 0.928571
0.0398565, 0.0875766, 0.95614, 0.875
0.0415021, 0.0627051, 0.971491, 0.928571
0.0460367, 0.107688, 0.942982, 0.892857
0.0529218, 0.0632149, 0.95614, 0.964286
0.0784178, 0.166926, 0.91886, 0.875
0.109554, 0.0979577, 0.890351, 0.928571
0.234254, 0.31675, 0.822368, 0.803571
0.224265, 0.192933, 0.782895, 0.785714
0.3302, 0.367455, 0.758772, 0.785714
0.0692428, 0.0633985, 0.945175, 0.964286
0.0596927, 0.10519, 0.938596, 0.875
0.051433, 0.0615221, 0.962719, 0.946429
0.0486803, 0.0805024, 0.958333, 0.892857
0.0468069, 0.0641223, 0.969298, 0.910714
0.0454741, 0.0735051, 0.958333, 0.910714
0.0444367, 0.0653881, 0.967105, 0.910714
0.0435001, 0.0709208, 0.962719, 0.892857
0.0427175, 0.066053, 0.967105, 0.910714
0.0419699, 0.0700197, 0.964912, 0.892857
0.0413294, 0.0665965, 0.967105, 0.910714
0.0407062, 0.0699874, 0.964912, 0.910714
0.0401705, 0.0671707, 0.969298, 0.910714
0.0396416, 0.0705201, 0.964912, 0.910714
0.0391934, 0.0677791, 0.969298, 0.910714
0.0387413, 0.0715102, 0.962719, 0.910714
0.0383737, 0.0683448, 0.971491, 0.910714
0.0379895, 0.0729834, 0.962719, 0.910714
0.0377097, 0.0687129, 0.971491, 0.910714
0.0374028, 0.0751539, 0.962719, 0.892857
0.0372562, 0.068611, 0.973684, 0.910714
0.0371035, 0.0786612, 0.962719, 0.892857
0.0372696, 0.0675995, 0.973684, 0.928571
0.0376626, 0.0853785, 0.960526, 0.892857
0.0388647, 0.0652811, 0.973684, 0.928571
0.0418725, 0.101538, 0.95614, 0.875
0.0472557, 0.0636675, 0.960526, 0.928571
0.0654061, 0.150363, 0.938596, 0.875
0.0920714, 0.0865859, 0.907895, 0.946429
0.197346, 0.292526, 0.844298, 0.839286
0.228334, 0.197843, 0.796053, 0.785714
0.371657, 0.401143, 0.75, 0.767857
0.071787, 0.0642543, 0.945175, 0.982143
0.0626225, 0.115368, 0.936404, 0.875
0.0510452, 0.0597598, 0.967105, 0.946429
0.0478952, 0.0841779, 0.951754, 0.892857
0.0455806, 0.0627569, 0.969298, 0.910714
0.044195, 0.0752171, 0.960526, 0.910714
0.0431211, 0.064687, 0.969298, 0.910714
0.0422076, 0.0720558, 0.962719, 0.892857
0.0414491, 0.0657912, 0.969298, 0.910714
0.0407348, 0.070996, 0.964912, 0.892857
0.0401269, 0.0666065, 0.969298, 0.910714
0.0395356, 0.070954, 0.964912, 0.892857
0.0390322, 0.0673487, 0.969298, 0.910714
0.0385325, 0.0715437, 0.962719, 0.910714
0.0381158, 0.0680536, 0.971491, 0.910714
0.0376913, 0.0726354, 0.962719, 0.910714
0.0373566, 0.0686561, 0.971491, 0.910714
0.0370019, 0.0742635, 0.962719, 0.892857
0.0367621, 0.0690009, 0.971491, 0.910714
0.0364968, 0.0766837, 0.962719, 0.892857
0.0364127, 0.0688116, 0.973684, 0.928571
0.0363481, 0.0806455, 0.962719, 0.892857
0.0366454, 0.067669, 0.975877, 0.928571
0.0373039, 0.0883269, 0.962719, 0.892857
0.038846, 0.0653352, 0.973684, 0.928571
0.0428611, 0.106932, 0.951754, 0.892857
0.0492241, 0.0646347, 0.964912, 0.946429
0.0718077, 0.162224, 0.925439, 0.875
0.101157, 0.0933162, 0.901316, 0.946429
0.217549, 0.307936, 0.835526, 0.821429
0.224067, 0.192094, 0.79386, 0.803571
0.34677, 0.383242, 0.756579, 0.785714
0.0678436, 0.0628333, 0.947368, 0.982143
0.0584582, 0.108684, 0.936404, 0.875
0.0490644, 0.0604862, 0.967105, 0.946429
0.0462936, 0.0811954, 0.960526, 0.910714
0.0443524, 0.0638048, 0.969298, 0.910714
0.0431139, 0.0736165, 0.962719, 0.910714
0.0421218, 0.065604, 0.969298, 0.910714
0.041268, 0.0710299, 0.964912, 0.892857
0.0405317, 0.0665975, 0.967105, 0.910714
0.0398489, 0.070229, 0.964912, 0.910714
0.0392467, 0.0673803, 0.967105, 0.910714
0.038676, 0.0702877, 0.964912, 0.910714
0.0381709, 0.0681666, 0.969298, 0.910714
0.0376862, 0.0708633, 0.964912, 0.910714
0.0372605, 0.0689992, 0.971491, 0.910714
0.0368458, 0.0718112, 0.964912, 0.910714
0.0364891, 0.069843, 0.971491, 0.910714
0.0361329, 0.0730879, 0.964912, 0.910714
0.0358411, 0.0706107, 0.971491, 0.910714
0.0355373, 0.0747463, 0.964912, 0.910714
0.0353182, 0.0711486, 0.973684, 0.910714
0.0350759, 0.0770041, 0.964912, 0.892857
0.0349723, 0.0711896, 0.973684, 0.910714
0.0348613, 0.0804671, 0.962719, 0.892857
0.0350404, 0.0702892, 0.975877, 0.928571
0.0354148, 0.0868599, 0.962719, 0.892857
0.0365458, 0.0679624, 0.973684, 0.928571
0.0392647, 0.101849, 0.95614, 0.875
0.0442133, 0.0656304, 0.969298, 0.928571
0.0603043, 0.146994, 0.942982, 0.875
0.0840038, 0.0830781, 0.916667, 0.946429
0.177659, 0.281037, 0.859649, 0.839286
0.211237, 0.181676, 0.813596, 0.821429
0.368034, 0.403181, 0.756579, 0.785714
0.0786107, 0.0686563, 0.929825, 0.964286
0.0713311, 0.135753, 0.927632, 0.875
0.0514425, 0.0582181, 0.969298, 0.946429
0.0474145, 0.0910114, 0.949561, 0.892857
0.0438065, 0.0610657, 0.971491, 0.928571
0.0422472, 0.0776702, 0.960526, 0.910714
0.040987, 0.0639258, 0.969298, 0.910714
0.0400891, 0.0732507, 0.962719, 0.892857
0.0393192, 0.0656774, 0.969298, 0.910714
0.0386495, 0.0718143, 0.962719, 0.892857
0.0380608, 0.0669016, 0.969298, 0.910714
0.037514, 0.0716606, 0.964912, 0.910714
0.0370336, 0.0679361, 0.971491, 0.910714
0.036574, 0.0722099, 0.964912, 0.910714
0.0361767, 0.0688915, 0.971491, 0.910714
0.0357871, 0.0732447, 0.962719, 0.910714
0.0354629, 0.0697568, 0.971491, 0.910714
0.0351346, 0.0747185, 0.964912, 0.910714
0.0348851, 0.0704385, 0.973684, 0.910714
0.0346217, 0.0767394, 0.964912, 0.910714
0.0344722, 0.0707513, 0.973684, 0.910714
0.0343153, 0.0796828, 0.964912, 0.892857
0.0343613, 0.0703814, 0.975877, 0.928571
0.0345026, 0.0845768, 0.962719, 0.892857
0.0350859, 0.0689023, 0.973684, 0.928571
0.0363939, 0.0944401, 0.958333, 0.875
0.0387979, 0.0663903, 0.973684, 0.910714
0.0456246, 0.119597, 0.949561, 0.892857
0.0551852, 0.06828, 0.951754, 0.964286
0.0920814, 0.194631, 0.912281, 0.875
0.128583, 0.114822, 0.866228, 0.910714
0.275899, 0.350258, 0.79386, 0.803571
0.188054, 0.156932, 0.811404, 0.821429
0.26502, 0.324852, 0.787281, 0.803571
0.0685059, 0.063461, 0.947368, 0.964286
0.0580846, 0.111922, 0.938596, 0.875
0.0472058, 0.0597292, 0.969298, 0.946429
0.0442831, 0.081141, 0.960526, 0.910714
0.0422421, 0.0636246, 0.969298, 0.910714
0.0410636, 0.0730835, 0.962719, 0.910714
0.0400847, 0.065755, 0.967105, 0.910714
0.0392856, 0.0705312, 0.964912, 0.910714
0.038569, 0.0668991, 0.967105, 0.910714
0.0379274, 0.0698297, 0.964912, 0.910714
0.0373428, 0.0677894, 0.964912, 0.910714
0.0368053, 0.0699727, 0.964912, 0.910714
0.0363149, 0.0686926, 0.967105, 0.910714
0.0358588, 0.0705964, 0.967105, 0.910714
0.0354443, 0.0696758, 0.967105, 0.910714
0.0350552, 0.0715368, 0.967105, 0.910714
0.0347042, 0.0707284, 0.969298, 0.910714
0.0343708, 0.0727118, 0.967105, 0.910714
0.0340744, 0.0718054, 0.973684, 0.910714
0.0337871, 0.0740902, 0.969298, 0.910714
0.0335393, 0.0728355, 0.973684, 0.910714
0.0332909, 0.0756969, 0.967105, 0.910714
0.0330919, 0.0737083, 0.973684, 0.910714
0.032881, 0.0776512, 0.967105, 0.910714
0.0327467, 0.0742359, 0.975877, 0.910714
0.0325943, 0.0802797, 0.967105, 0.910714
0.0325931, 0.074082, 0.975877, 0.910714
0.0326208, 0.0844514, 0.967105, 0.892857
0.0330269, 0.0726944, 0.975877, 0.928571
0.0338664, 0.0927399, 0.964912, 0.892857
0.0358415, 0.0696776, 0.975877, 0.910714
0.0410376, 0.114398, 0.958333, 0.875
0.049913, 0.0690617, 0.958333, 0.946429
0.0818709, 0.185466, 0.921053, 0.875
0.124961, 0.114351, 0.868421, 0.910714
0.28345, 0.360413, 0.79386, 0.803571
0.218604, 0.18455, 0.791667, 0.803571
0.312368, 0.361602, 0.767544, 0.803571
0.0625415, 0.061901, 0.947368, 0.982143
0.0524938, 0.100112, 0.945175, 0.875
0.0453884, 0.0619294, 0.969298, 0.928571
0.0431084, 0.0774275, 0.960526, 0.910714
0.0414957, 0.0654502, 0.969298, 0.910714
0.0404178, 0.0716384, 0.964912, 0.892857
0.0394744, 0.0668952, 0.967105, 0.910714
0.0386759, 0.0698052, 0.964912, 0.910714
0.037945, 0.0676404, 0.964912, 0.910714
0.0372896, 0.0693757, 0.964912, 0.910714
0.0366862, 0.0683255, 0.964912, 0.910714
0.0361354, 0.0696336, 0.964912, 0.910714
0.0356284, 0.0691358, 0.967105, 0.910714
0.0351621, 0.0703048, 0.967105, 0.910714
0.0347337, 0.070098, 0.967105, 0.910714
0.0343378, 0.0712525, 0.967105, 0.910714
0.033975, 0.071187, 0.969298, 0.910714
0.0336377, 0.072395, 0.967105, 0.910714
0.0333299, 0.07236, 0.971491, 0.910714
0.0330412, 0.0736812, 0.971491, 0.910714
0.0327795, 0.0735678, 0.971491, 0.910714
0.0325303, 0.0750862, 0.971491, 0.910714
0.0323081, 0.074753, 0.971491, 0.910714
0.0320909, 0.076618, 0.971491, 0.910714
0.0319045, 0.0758377, 0.973684, 0.910714
0.031714, 0.0783401, 0.973684, 0.910714
0.031567, 0.0766954, 0.975877, 0.910714
0.0314051, 0.0804315, 0.971491, 0.910714
0.0313225, 0.0770918, 0.975877, 0.910714
0.0312245, 0.0833537, 0.969298, 0.910714
0.0313132, 0.0765822, 0.975877, 0.910714
0.0314851, 0.0883759, 0.967105, 0.892857
0.032211, 0.074457, 0.980263, 0.928571
0.0338274, 0.0995905, 0.960526, 0.892857
0.0373737, 0.0707275, 0.973684, 0.910714
0.0478285, 0.133714, 0.949561, 0.892857
0.0657459, 0.0772081, 0.934211, 0.946429
0.133981, 0.250288, 0.888158, 0.839286
0.18696, 0.164313, 0.833333, 0.857143
0.377173, 0.420222, 0.763158, 0.803571
0.107917, 0.0914933, 0.892544, 0.910714
0.116817, 0.198599, 0.888158, 0.839286
0.0597607, 0.0606415, 0.953947, 0.964286
0.0529189, 0.110577, 0.945175, 0.875
0.0436649, 0.0586147, 0.973684, 0.946429
0.0410682, 0.0835613, 0.960526, 0.910714
0.0388638, 0.0624127, 0.973684, 0.928571
0.0377812, 0.0750765, 0.962719, 0.892857
0.0368157, 0.0651702, 0.973684, 0.910714
0.0361222, 0.0723836, 0.962719, 0.910714
0.0354733, 0.0669544, 0.971491, 0.910714
0.0349312, 0.0717768, 0.964912, 0.910714
0.0344234, 0.0683436, 0.971491, 0.910714
0.0339746, 0.0721183, 0.967105, 0.910714
0.033559, 0.0696076, 0.971491, 0.910714
0.0331814, 0.0729878, 0.967105, 0.910714
0.0328374, 0.0708279, 0.973684, 0.910714
0.0325179, 0.0742094, 0.967105, 0.910714
0.032234, 0.0719951, 0.973684, 0.910714
0.0319638, 0.0757218, 0.969298, 0.910714
0.031735, 0.0730455, 0.975877, 0.910714
0.0315098, 0.0775562, 0.967105, 0.910714
0.0313415, 0.0738597, 0.975877, 0.910714
0.0311703, 0.0798763, 0.967105, 0.910714
0.0310937, 0.0742324, 0.975877, 0.910714
0.031031, 0.0831214, 0.967105, 0.910714
0.03116, 0.0738237, 0.975877, 0.928571
0.0314428, 0.0884459, 0.967105, 0.892857
0.0321853, 0.0721793, 0.975877, 0.928571
0.0338861, 0.0992673, 0.960526, 0.892857
0.0367933, 0.0694484, 0.973684, 0.910714
0.045325, 0.127813, 0.949561, 0.892857
0.0571557, 0.0725611, 0.947368, 0.946429
0.102746, 0.214845, 0.910088, 0.857143
0.143423, 0.129439, 0.85307, 0.892857
0.305933, 0.375766, 0.789474, 0.803571
0.158721, 0.133038, 0.837719, 0.892857
0.211056, 0.286979, 0.804825, 0.803571
0.0695088, 0.0653097, 0.940789, 0.964286
0.0582948, 0.118323, 0.938596, 0.875
0.0449772, 0.0584874, 0.973684, 0.946429
0.0415718, 0.08287, 0.960526, 0.910714
0.0391445, 0.062698, 0.973684, 0.910714
0.0379471, 0.0734587, 0.962719, 0.892857
0.0369273, 0.0654262, 0.971491, 0.910714
0.0361688, 0.0706615, 0.964912, 0.910714
0.0354655, 0.0669445, 0.971491, 0.910714
0.0348661, 0.0700001, 0.964912, 0.910714
0.0343063, 0.0680933, 0.969298, 0.910714
0.0338081, 0.0702595, 0.967105, 0.910714
0.0333455, 0.06921, 0.969298, 0.910714
0.0329265, 0.0710142, 0.967105, 0.910714
0.0325399, 0.0703913, 0.967105, 0.910714
0.0321861, 0.0720747, 0.967105, 0.910714
0.0318616, 0.0716421, 0.969298, 0.910714
0.0315617, 0.0733403, 0.969298, 0.910714
0.0312887, 0.0729321, 0.971491, 0.910714
0.031033, 0.0747565, 0.969298, 0.910714
0.0308032, 0.0742153, 0.975877, 0.910714
0.0305834, 0.0763041, 0.971491, 0.910714
0.0303912, 0.0754304, 0.975877, 0.910714
0.0302011, 0.0780073, 0.971491, 0.910714
0.0300456, 0.0764876, 0.975877, 0.910714
0.0298834, 0.0799625, 0.969298, 0.910714
0.029775, 0.0772371, 0.975877, 0.910714
0.0296543, 0.0824176, 0.969298, 0.910714
0.0296389, 0.0774104, 0.975877, 0.910714
0.0296373, 0.0859956, 0.969298, 0.910714
0.0298907, 0.0765425, 0.980263, 0.928571
0.030389, 0.0924137, 0.967105, 0.892857
0.0316203, 0.0740627, 0.975877, 0.928571
0.0346078, 0.107375, 0.960526, 0.875
0.0399243, 0.0710828, 0.969298, 0.928571
0.0571517, 0.154411, 0.940789, 0.875
0.0833778, 0.0885749, 0.925439, 0.946429
0.183414, 0.298297, 0.864035, 0.839286
0.219814, 0.191131, 0.809211, 0.839286
0.386636, 0.42896, 0.75, 0.767857
0.0741803, 0.0687269, 0.929825, 0.964286
0.0623336, 0.126577, 0.936404, 0.875
0.0455229, 0.0583651, 0.973684, 0.946429
0.0415826, 0.0852498, 0.95614, 0.910714
0.0387084, 0.0624589, 0.973684, 0.928571
0.037416, 0.0743382, 0.962719, 0.892857
0.0363075, 0.0654474, 0.971491, 0.910714
0.0355242, 0.0711354, 0.967105, 0.910714
0.034788, 0.0670976, 0.971491, 0.910714
0.034176, 0.070347, 0.967105, 0.910714
0.0335988, 0.068311, 0.971491, 0.910714
0.0330928, 0.0705663, 0.967105, 0.910714
0.0326201, 0.0694688, 0.969298, 0.910714
0.0321966, 0.0713128, 0.967105, 0.910714
0.0318043, 0.070684, 0.969298, 0.910714
0.0314486, 0.0723767, 0.969298, 0.910714
0.0311211, 0.071967, 0.971491, 0.910714
0.0308211, 0.0736475, 0.969298, 0.910714
0.0305467, 0.0732914, 0.973684, 0.910714
0.0302922, 0.0750636, 0.971491, 0.910714
0.0300616, 0.0746152, 0.973684, 0.910714
0.0298438, 0.0765977, 0.971491, 0.910714
0.0296504, 0.0758853, 0.973684, 0.910714
0.0294624, 0.0782592, 0.973684, 0.910714
0.0293033, 0.0770283, 0.975877, 0.910714
0.0291413, 0.0801128, 0.971491, 0.910714
0.0290211, 0.0779271, 0.975877, 0.910714
0.0288908, 0.0823302, 0.969298, 0.910714
0.0288356, 0.0783765, 0.975877, 0.910714
0.0287772, 0.0853288, 0.969298, 0.910714
0.0288856, 0.0780111, 0.980263, 0.928571
0.0290938, 0.0901855, 0.969298, 0.910714
0.0297446, 0.0762729, 0.982456, 0.928571
0.0311749, 0.100121, 0.969298, 0.892857
0.0339335, 0.0729923, 0.97807, 0.910714
0.0418286, 0.127333, 0.95614, 0.892857
0.0543204, 0.0746787, 0.949561, 0.946429
0.100915, 0.218668, 0.912281, 0.875
0.151817, 0.139991, 0.85307, 0.892857
0.332439, 0.398973, 0.782895, 0.803571
0.15591, 0.132103, 0.837719, 0.875
0.203225, 0.282822, 0.804825, 0.803571
0.068138, 0.0655712, 0.938596, 0.964286
0.0562559, 0.117265, 0.942982, 0.875
0.0432494, 0.0584555, 0.975877, 0.946429
0.0398341, 0.0822254, 0.962719, 0.910714
0.0374101, 0.0627599, 0.973684, 0.928571
0.0362264, 0.0730682, 0.964912, 0.892857
0.0351945, 0.0655384, 0.971491, 0.910714
0.0344404, 0.0704445, 0.967105, 0.910714
0.0337309, 0.0671004, 0.971491, 0.910714
0.0331359, 0.0699112, 0.969298, 0.910714
0.0325765, 0.0683061, 0.971491, 0.910714
0.0320854, 0.0702739, 0.969298, 0.910714
0.031628, 0.069492, 0.971491, 0.910714
0.0312187, 0.0711139, 0.969298, 0.910714
0.0308404, 0.0707508, 0.973684, 0.910714
0.030498, 0.0722422, 0.971491, 0.910714
0.0301832, 0.0720858, 0.973684, 0.910714
0.0298956, 0.0735551, 0.971491, 0.910714
0.0296323, 0.0734692, 0.975877, 0.910714
0.0293891, 0.0749908, 0.971491, 0.910714
0.0291676, 0.0748638, 0.975877, 0.910714
0.02896, 0.0765156, 0.971491, 0.910714
0.0287731, 0.0762266, 0.975877, 0.910714
0.0285937, 0.0781226, 0.973684, 0.910714
0.0284366, 0.077505, 0.975877, 0.910714
0.0282802, 0.07984, 0.973684, 0.910714
0.0281522, 0.0786222, 0.97807, 0.910714
0.0280172, 0.0817565, 0.971491, 0.910714
0.0279267, 0.0794497, 0.97807, 0.910714
0.0278236, 0.0840862, 0.969298, 0.910714
0.027807, 0.0797541, 0.97807, 0.910714
0.0277953, 0.0873458, 0.969298, 0.910714
0.0279885, 0.0791223, 0.982456, 0.928571
0.0283528, 0.0929025, 0.969298, 0.910714
0.029289, 0.0769724, 0.97807, 0.928571
0.0314715, 0.105098, 0.967105, 0.892857
0.0354538, 0.0735871, 0.975877, 0.910714
0.0478137, 0.141983, 0.949561, 0.892857
0.067686, 0.0820858, 0.934211, 0.946429
0.142889, 0.267344, 0.888158, 0.839286
0.193337, 0.174838, 0.833333, 0.839286
0.380906, 0.431978, 0.760965, 0.785714
0.0988484, 0.0873385, 0.901316, 0.910714
0.0960727, 0.177373, 0.901316, 0.839286
0.0531826, 0.0591699, 0.960526, 0.946429
0.0459172, 0.10086, 0.953947, 0.875
0.0389969, 0.0590581, 0.975877, 0.928571
0.0368177, 0.0787807, 0.967105, 0.910714
0.0350579, 0.063116, 0.973684, 0.928571
0.0341164, 0.0724594, 0.964912, 0.910714
0.0332396, 0.0656968, 0.971491, 0.928571
0.0325944, 0.0707108, 0.967105, 0.910714
0.0319742, 0.0674004, 0.971491, 0.928571
0.0314607, 0.0706014, 0.969298, 0.910714
0.030973, 0.0688295, 0.971491, 0.928571
0.0305503, 0.0712406, 0.969298, 0.910714
0.0301543, 0.0702194, 0.973684, 0.928571
0.0298031, 0.0722857, 0.971491, 0.910714
0.0294774, 0.0716338, 0.975877, 0.928571
0.029184, 0.0735745, 0.973684, 0.910714
0.0289141, 0.07307, 0.97807, 0.928571
0.0286673, 0.0750204, 0.973684, 0.910714
0.0284423, 0.0744999, 0.97807, 0.928571
0.0282327, 0.0765793, 0.973684, 0.910714
0.0280448, 0.0758834, 0.97807, 0.910714
0.0278651, 0.0782411, 0.973684, 0.910714
0.0277095, 0.0771664, 0.97807, 0.910714
0.0275548, 0.0800363, 0.973684, 0.910714
0.0274317, 0.0782696, 0.97807, 0.910714
0.0273023, 0.0820611, 0.969298, 0.910714
0.0272229, 0.0790616, 0.980263, 0.910714
0.0271347, 0.0845448, 0.969298, 0.910714
0.0271422, 0.0793139, 0.982456, 0.928571
0.027171, 0.0880311, 0.969298, 0.910714
0.0274164, 0.0786429, 0.982456, 0.928571
0.0278937, 0.09394, 0.973684, 0.910714
0.028933, 0.0765582, 0.97807, 0.928571
0.0314338, 0.106736, 0.967105, 0.892857
0.0355676, 0.0735381, 0.97807, 0.910714
0.0488033, 0.144862, 0.949561, 0.892857
0.0690055, 0.0833913, 0.934211, 0.946429
0.146207, 0.271664, 0.888158, 0.839286
0.192048, 0.17486, 0.833333, 0.839286
0.374451, 0.429143, 0.760965, 0.803571
0.0961425, 0.0857626, 0.903509, 0.910714
0.0915574, 0.17263, 0.907895, 0.839286
0.0517057, 0.0587613, 0.960526, 0.946429
0.0445669, 0.0991261, 0.95614, 0.875
0.0380009, 0.0590456, 0.975877, 0.928571
0.0359106, 0.0778881, 0.967105, 0.910714
0.0342095, 0.0631279, 0.975877, 0.928571
0.0332906, 0.0719282, 0.967105, 0.910714
0.0324254, 0.065682, 0.971491, 0.928571
0.0317878, 0.0703486, 0.969298, 0.910714
0.0311732, 0.0673816, 0.971491, 0.928571
0.0306652, 0.0703345, 0.969298, 0.910714
0.0301831, 0.068825, 0.973684, 0.928571
0.0297662, 0.0710338, 0.971491, 0.910714
0.0293762, 0.070239, 0.975877, 0.928571
0.0290313, 0.0721169, 0.973684, 0.910714
0.0287116, 0.0716829, 0.975877, 0.928571
0.0284244, 0.073426, 0.973684, 0.928571
0.02816, 0.073154, 0.97807, 0.928571
0.0279191, 0.0748746, 0.973684, 0.910714
0.0276986, 0.0746278, 0.97807, 0.928571
0.0274944, 0.0764144, 0.973684, 0.910714
0.0273094, 0.0760715, 0.97807, 0.928571
0.0271344, 0.0780248, 0.973684, 0.910714
0.0269789, 0.0774457, 0.980263, 0.928571
0.0268271, 0.0797134, 0.975877, 0.910714
0.0266982, 0.0786976, 0.980263, 0.910714
0.0265664, 0.0815263, 0.975877, 0.910714
0.0264663, 0.0797456, 0.980263, 0.910714
0.0263568, 0.0835796, 0.971491, 0.910714
0.0263005, 0.0804502, 0.982456, 0.910714
0.0262348, 0.0861359, 0.971491, 0.910714
0.0262749, 0.0805657, 0.982456, 0.928571
0.0263484, 0.0898159, 0.969298, 0.910714
0.0266682, 0.0796853, 0.982456, 0.928571
0.0273007, 0.0962688, 0.973684, 0.910714
0.0285833, 0.0773377, 0.97807, 0.910714
0.0318207, 0.110925, 0.962719, 0.892857
0.0370561, 0.0745301, 0.971491, 0.928571
0.0548223, 0.157927, 0.945175, 0.875
0.0827925, 0.0935258, 0.91886, 0.946429
0.188197, 0.311045, 0.864035, 0.839286
0.225299, 0.201004, 0.809211, 0.821429
0.395247, 0.445179, 0.743421, 0.767857
0.0695498, 0.0675591, 0.932018, 0.946429
0.0559942, 0.119337, 0.940789, 0.875
0.0418207, 0.0584413, 0.97807, 0.946429
0.038165, 0.082128, 0.964912, 0.910714
0.0355738, 0.062902, 0.975877, 0.928571
0.0343437, 0.0727367, 0.967105, 0.892857
0.0332386, 0.065745, 0.971491, 0.928571
0.0324475, 0.0701671, 0.967105, 0.910714
0.0316933, 0.0672952, 0.971491, 0.928571
0.0310717, 0.0697077, 0.971491, 0.910714
0.0304865, 0.0684965, 0.971491, 0.928571
0.02998, 0.0701342, 0.971491, 0.928571
0.0295098, 0.0696978, 0.973684, 0.928571
0.029094, 0.0710241, 0.973684, 0.928571
0.0287111, 0.0709874, 0.975877, 0.928571
0.0283683, 0.0721867, 0.973684, 0.928571
0.0280538, 0.0723649, 0.97807, 0.928571
0.0277696, 0.0735158, 0.973684, 0.928571
0.0275089, 0.0738037, 0.980263, 0.928571
0.0272713, 0.0749449, 0.975877, 0.928571
0.0270534, 0.0752725, 0.980263, 0.928571
0.0268527, 0.0764304, 0.97807, 0.928571
0.0266685, 0.0767424, 0.980263, 0.928571
0.0264968, 0.0779454, 0.97807, 0.928571
0.0263395, 0.078187, 0.980263, 0.928571
0.0261906, 0.0794768, 0.980263, 0.910714
0.0260552, 0.0795808, 0.980263, 0.910714
0.025924, 0.0810263, 0.980263, 0.910714
0.025807, 0.0808936, 0.980263, 0.910714
0.0256897, 0.082615, 0.980263, 0.910714
0.0255899, 0.0820817, 0.980263, 0.910714
0.0254842, 0.0842968, 0.97807, 0.910714
0.0254044, 0.0830705, 0.982456, 0.910714
0.0253125, 0.0861892, 0.975877, 0.910714
0.0252661, 0.0837229, 0.982456, 0.910714
0.0252054, 0.0885507, 0.973684, 0.910714
0.0252405, 0.0837842, 0.982456, 0.910714
0.0252947, 0.0919893, 0.973684, 0.910714
0.025586, 0.082812, 0.982456, 0.928571
0.0261474, 0.0981301, 0.973684, 0.910714
0.0273833, 0.0802482, 0.980263, 0.910714
0.0304913, 0.112423, 0.967105, 0.892857
0.0359161, 0.0770345, 0.973684, 0.928571
0.0545142, 0.161052, 0.942982, 0.875
0.08731, 0.0996789, 0.916667, 0.946429
0.207183, 0.329368, 0.85307, 0.839286
0.248905, 0.22202, 0.79386, 0.821429
0.417732, 0.463902, 0.72807, 0.75
0.0596532, 0.0630246, 0.949561, 0.946429
0.0477762, 0.102969, 0.953947, 0.875
0.0394427, 0.0609023, 0.97807, 0.928571
0.0368614, 0.0780114, 0.967105, 0.910714
0.0349408, 0.0651921, 0.973684, 0.928571
0.0338163, 0.0718091, 0.967105, 0.892857
0.0327731, 0.067208, 0.971491, 0.928571
0.031962, 0.0701122, 0.971491, 0.892857
0.031199, 0.0683166, 0.971491, 0.928571
0.0305516, 0.0699339, 0.971491, 0.928571
0.0299517, 0.0692954, 0.971491, 0.928571
0.0294262, 0.0704555, 0.971491, 0.928571
0.0289441, 0.070373, 0.97807, 0.928571
0.0285155, 0.0713707, 0.975877, 0.928571
0.0281241, 0.0715851, 0.97807, 0.928571
0.0277728, 0.0725282, 0.975877, 0.928571
0.0274524, 0.0729092, 0.97807, 0.928571
0.0271626, 0.0738369, 0.975877, 0.928571
0.0268979, 0.07431, 0.97807, 0.928571
0.0266568, 0.0752364, 0.97807, 0.928571
0.0264358, 0.0757533, 0.97807, 0.928571
0.026233, 0.0766848, 0.97807, 0.928571
0.0260465, 0.0772106, 0.980263, 0.928571
0.0258738, 0.0781534, 0.97807, 0.928571
0.0257145, 0.0786589, 0.980263, 0.928571
0.0255654, 0.079624, 0.980263, 0.928571
0.0254277, 0.0800798, 0.980263, 0.928571
0.0252971, 0.0810873, 0.980263, 0.910714
0.0251767, 0.0814572, 0.980263, 0.910714
0.0250605, 0.0825427, 0.980263, 0.910714
0.0249543, 0.0827739, 0.982456, 0.910714
0.0248494, 0.0840008, 0.980263, 0.910714
0.0247555, 0.0840063, 0.982456, 0.910714
0.0246593, 0.0854889, 0.980263, 0.910714
0.0245776, 0.0851155, 0.982456, 0.910714
0.0244886, 0.087065, 0.980263, 0.910714
0.0244225, 0.0860289, 0.982456, 0.910714
0.0243431, 0.0888501, 0.982456, 0.910714
0.0243062, 0.0866073, 0.982456, 0.910714
0.0242534, 0.0911076, 0.980263, 0.910714
0.0242938, 0.0865855, 0.982456, 0.910714
0.0243506, 0.0944587, 0.973684, 0.910714
0.0246476, 0.0854968, 0.982456, 0.928571
0.0252183, 0.100579, 0.975877, 0.892857
0.0265056, 0.0827533, 0.980263, 0.910714
0.0297972, 0.115232, 0.967105, 0.892857
0.0358041, 0.0795606, 0.967105, 0.928571
0.0570176, 0.168548, 0.940789, 0.875
0.0978129, 0.110648, 0.910088, 0.910714
0.240965, 0.355959, 0.826754, 0.839286
0.273526, 0.242023, 0.769737, 0.803571
0.424873, 0.470282, 0.719298, 0.714286
0.0516046, 0.0616488, 0.964912, 0.964286
0.0431203, 0.0898367, 0.962719, 0.892857
0.0384829, 0.0646944, 0.97807, 0.928571
0.036487, 0.0751336, 0.967105, 0.892857
0.0348631, 0.0676693, 0.971491, 0.910714
0.0337034, 0.0713057, 0.969298, 0.892857
0.0326396, 0.068692, 0.971491, 0.910714
0.0317577, 0.0702252, 0.971491, 0.910714
0.0309496, 0.069303, 0.971491, 0.910714
0.0302476, 0.0702055, 0.971491, 0.910714
0.0296093, 0.0700107, 0.973684, 0.928571
0.0290444, 0.0707441, 0.973684, 0.928571
0.0285328, 0.0709193, 0.97807, 0.928571
0.028076, 0.0716288, 0.97807, 0.928571
0.0276624, 0.0720141, 0.97807, 0.928571
0.0272908, 0.0727405, 0.975877, 0.928571
0.0269538, 0.0732514, 0.975877, 0.928571
0.0266491, 0.0740006, 0.975877, 0.928571
0.026372, 0.0745863, 0.97807, 0.928571
0.0261199, 0.0753529, 0.97807, 0.928571
0.0258896, 0.07598, 0.97807, 0.928571
0.0256787, 0.0767566, 0.97807, 0.928571
0.025485, 0.0774019, 0.97807, 0.928571
0.0253064, 0.0781821, 0.97807, 0.928571
0.0251415, 0.0788287, 0.982456, 0.928571
0.0249883, 0.0796088, 0.982456, 0.928571
0.0248461, 0.0802432, 0.982456, 0.928571
0.0247129, 0.0810226, 0.982456, 0.928571
0.0245886, 0.0816332, 0.982456, 0.928571
0.0244711, 0.0824154, 0.982456, 0.910714
0.0243611, 0.0829898, 0.982456, 0.910714
0.024256, 0.0837837, 0.982456, 0.910714
0.0241574, 0.084306, 0.982456, 0.910714
0.0240621, 0.0851286, 0.984649, 0.910714
0.0239729, 0.0855747, 0.984649, 0.910714
0.0238852, 0.0864568, 0.984649, 0.910714
0.0238039, 0.0867858, 0.984649, 0.910714
0.0237221, 0.0877827, 0.984649, 0.910714
0.023648, 0.0879219, 0.984649, 0.910714
0.0235706, 0.0891354, 0.984649, 0.910714
0.0235044, 0.0889484, 0.984649, 0.910714
0.0234305, 0.0905717, 0.984649, 0.910714
0.0233757, 0.0897968, 0.984649, 0.910714
0.0233073, 0.092209, 0.984649, 0.910714
0.0232763, 0.0903292, 0.984649, 0.910714
0.0232279, 0.0943037, 0.984649, 0.910714
0.0232655, 0.0902758, 0.984649, 0.910714
0.0233128, 0.0974661, 0.975877, 0.910714
0.0235929, 0.0891507, 0.982456, 0.910714
0.0241255, 0.103361, 0.975877, 0.892857
0.0254001, 0.0863358, 0.982456, 0.910714
0.0286865, 0.117848, 0.969298, 0.892857
0.0351286, 0.0832682, 0.969298, 0.928571
0.0585209, 0.174727, 0.940789, 0.875
0.108852, 0.123425, 0.899123, 0.892857
0.276872, 0.38265, 0.807018, 0.821429
0.290467, 0.255947, 0.760965, 0.785714
0.424247, 0.471329, 0.719298, 0.714286
0.0485495, 0.0631504, 0.973684, 0.964286
0.0419642, 0.0847042, 0.964912, 0.910714
0.0383801, 0.0672104, 0.975877, 0.910714
0.0364223, 0.0743829, 0.969298, 0.892857
0.0347813, 0.0691374, 0.971491, 0.910714
0.0335211, 0.0714718, 0.969298, 0.910714
0.0323865, 0.0696399, 0.971491, 0.910714
0.0314284, 0.0706023, 0.971491, 0.910714
0.0305645, 0.0700005, 0.973684, 0.910714
0.0298103, 0.070611, 0.973684, 0.910714
0.029132, 0.0705644, 0.973684, 0.910714
0.0285315, 0.0711239, 0.975877, 0.910714
0.027992, 0.0713753, 0.97807, 0.910714
0.0275107, 0.0719672, 0.97807, 0.910714
0.0270776, 0.0723963, 0.97807, 0.928571
0.026689, 0.0730352, 0.97807, 0.928571
0.0263382, 0.0735752, 0.97807, 0.928571
0.0260217, 0.0742543, 0.97807, 0.928571
0.0257348, 0.0748636, 0.982456, 0.928571
0.0254743, 0.0755709, 0.982456, 0.928571
0.025237, 0.0762211, 0.982456, 0.928571
0.0250202, 0.0769446, 0.982456, 0.928571
0.0248216, 0.0776159, 0.982456, 0.928571
0.0246389, 0.0783459, 0.982456, 0.928571
0.0244705, 0.079024, 0.982456, 0.928571
0.0243146, 0.0797531, 0.982456, 0.928571
0.02417, 0.0804278, 0.982456, 0.928571
0.0240351, 0.0811512, 0.984649, 0.928571
0.0239092, 0.0818148, 0.984649, 0.928571
0.0237909, 0.08253, 0.984649, 0.910714
0.0236798, 0.0831768, 0.984649, 0.910714
0.0235747, 0.0838837, 0.984649, 0.910714
0.0234754, 0.0845084, 0.984649, 0.910714
0.0233807, 0.0852092, 0.984649, 0.910714
0.0232909, 0.0858065, 0.984649, 0.910714
0.0232046, 0.0865066, 0.984649, 0.910714
0.0231225, 0.0870689, 0.984649, 0.910714
0.0230428, 0.0877779, 0.984649, 0.910714
0.022967, 0.0882934, 0.984649, 0.910714
0.0228925, 0.0890284, 0.984649, 0.910714
0.0228221, 0.0894763, 0.984649, 0.910714
0.0227518, 0.0902672, 0.984649, 0.910714
0.0226862, 0.0906098, 0.984649, 0.910714
0.022619, 0.0915105, 0.984649, 0.910714
0.0225581, 0.0916774, 0.984649, 0.910714
0.0224931, 0.0927885, 0.984649, 0.910714
0.0224382, 0.0926445, 0.984649, 0.910714
0.022375, 0.0941597, 0.984649, 0.910714
0.02233, 0.0934402, 0.984649, 0.910714
0.0222707, 0.0957458, 0.984649, 0.910714
0.0222492, 0.0939207, 0.984649, 0.910714
0.0222099, 0.0978154, 0.984649, 0.910714
0.0222611, 0.0938047, 0.984649, 0.910714
0.0223263, 0.101018, 0.982456, 0.910714
0.0226469, 0.0925951, 0.986842, 0.910714
0.0232679, 0.107172, 0.975877, 0.892857
0.0247524, 0.0897394, 0.982456, 0.910714
0.0287429, 0.123101, 0.969298, 0.892857
0.0370549, 0.0878122, 0.962719, 0.928571
0.0690493, 0.194501, 0.938596, 0.875
0.142144, 0.153933, 0.872807, 0.875
0.356564, 0.43551, 0.787281, 0.803571
0.235885, 0.206533, 0.776316, 0.839286
0.333464, 0.400416, 0.754386, 0.785714
0.0556165, 0.0627616, 0.953947, 0.946429
0.0444282, 0.0978846, 0.960526, 0.892857
0.0378771, 0.0632107, 0.980263, 0.928571
0.0353898, 0.0780065, 0.967105, 0.910714
0.033422, 0.0671965, 0.975877, 0.910714
0.0321592, 0.072753, 0.971491, 0.892857
0.0309854, 0.068872, 0.973684, 0.910714
0.0300614, 0.0712269, 0.973684, 0.910714
0.0292072, 0.0697793, 0.973684, 0.910714
0.0284863, 0.0710511, 0.973684, 0.910714
0.0278304, 0.0706218, 0.975877, 0.910714
0.0272605, 0.0715286, 0.97807, 0.928571
0.0267461, 0.0715925, 0.980263, 0.928571
0.0262923, 0.0723847, 0.980263, 0.928571
0.0258833, 0.0727152, 0.980263, 0.928571
0.0255187, 0.0734801, 0.980263, 0.928571
0.0251895, 0.0739649, 0.980263, 0.928571
0.0248937, 0.0747302, 0.980263, 0.928571
0.0246255, 0.0753066, 0.982456, 0.928571
0.0243826, 0.0760778, 0.982456, 0.928571
0.0241614, 0.0767076, 0.982456, 0.928571
0.0239596, 0.0774822, 0.984649, 0.928571
0.0237748, 0.0781402, 0.984649, 0.928571
0.0236049, 0.078914, 0.984649, 0.928571
0.0234484, 0.0795831, 0.984649, 0.928571
0.0233036, 0.0803521, 0.984649, 0.928571
0.0231693, 0.0810202, 0.984649, 0.928571
0.0230441, 0.0817817, 0.984649, 0.910714
0.0229273, 0.0824401, 0.984649, 0.910714
0.0228175, 0.0831934, 0.984649, 0.910714
0.0227147, 0.0838351, 0.984649, 0.910714
0.0226172, 0.0845813, 0.984649, 0.910714
0.0225254, 0.0852002, 0.984649, 0.910714
0.0224376, 0.0859429, 0.984649, 0.910714
0.0223546, 0.0865324, 0.984649, 0.910714
0.0222746, 0.0872783, 0.984649, 0.910714
0.0221989, 0.0878296, 0.984649, 0.910714
0.022125, 0.08859, 0.984649, 0.910714
0.0220553, 0.0890898, 0.984649, 0.910714
0.0219863, 0.0898832, 0.984649, 0.910714
0.0219216, 0.0903093, 0.984649, 0.910714
0.0218563, 0.0911669, 0.984649, 0.910714
0.0217963, 0.0914809, 0.984649, 0.910714
0.0217338, 0.0924566, 0.984649, 0.910714
0.0216784, 0.0925899, 0.984649, 0.910714
0.021618, 0.0937795, 0.984649, 0.910714
0.0215683, 0.0936065, 0.984649, 0.910714
0.0215095, 0.0951863, 0.984649, 0.910714
0.0214693, 0.0944725, 0.984649, 0.910714
0.0214141, 0.096777, 0.984649, 0.910714
0.0213949, 0.0950748, 0.984649, 0.910714
0.0213557, 0.0987613, 0.984649, 0.910714
0.0213953, 0.0952008, 0.984649, 0.910714
0.0214326, 0.101619, 0.984649, 0.910714
0.0216687, 0.0944824, 0.986842, 0.910714
0.0220754, 0.106609, 0.97807, 0.910714
0.0230738, 0.0924505, 0.984649, 0.910714
0.025491, 0.118016, 0.973684, 0.892857
0.0304079, 0.0899214, 0.975877, 0.910714
0.0480113, 0.162179, 0.95614, 0.875
0.0917618, 0.118393, 0.916667, 0.928571
0.244384, 0.36921, 0.835526, 0.839286
0.320348, 0.289122, 0.754386, 0.767857
0.491283, 0.527406, 0.699561, 0.714286
0.0456075, 0.0640373, 0.97807, 0.928571
0.0402808, 0.0820258, 0.967105, 0.910714
0.0370159, 0.0677927, 0.97807, 0.910714
0.0350209, 0.0740234, 0.969298, 0.892857
0.0333132, 0.0694066, 0.97807, 0.910714
0.0319894, 0.0716009, 0.971491, 0.910714
0.0308044, 0.0699468, 0.975877, 0.910714
0.0298109, 0.0709258, 0.975877, 0.910714
0.028923, 0.0704066, 0.975877, 0.910714
0.0281553, 0.0710494, 0.97807, 0.910714
0.0274709, 0.0710555, 0.980263, 0.910714
0.0268701, 0.0716358, 0.980263, 0.910714
0.0263343, 0.0719232, 0.980263, 0.910714
0.0258593, 0.0725225, 0.980263, 0.910714
0.0254344, 0.0729761, 0.980263, 0.910714
0.0250548, 0.0736127, 0.980263, 0.928571
0.0247135, 0.0741698, 0.982456, 0.928571
0.0244065, 0.0748411, 0.982456, 0.928571
0.0241289, 0.0754636, 0.984649, 0.928571
0.0238774, 0.0761609, 0.984649, 0.928571
0.0236486, 0.0768236, 0.984649, 0.928571
0.0234399, 0.0775372, 0.984649, 0.928571
0.0232489, 0.0782227, 0.984649, 0.928571
0.0230735, 0.0789439, 0.984649, 0.928571
0.0229119, 0.0796398, 0.984649, 0.928571
0.0227625, 0.0803619, 0.984649, 0.928571
0.022624, 0.0810593, 0.984649, 0.928571
0.022495, 0.0817771, 0.984649, 0.928571
0.0223747, 0.08247, 0.984649, 0.910714
0.022262, 0.0831801, 0.984649, 0.910714
0.0221561, 0.0838643, 0.984649, 0.910714
0.0220563, 0.0845646, 0.984649, 0.910714
0.021962, 0.0852372, 0.984649, 0.910714
0.0218724, 0.0859268, 0.984649, 0.910714
0.0217874, 0.086586, 0.984649, 0.910714
0.0217061, 0.087265, 0.984649, 0.910714
0.0216286, 0.0879095, 0.984649, 0.910714
0.0215541, 0.0885788, 0.984649, 0.910714
0.0214826, 0.0892074, 0.984649, 0.910714
0.0214136, 0.089869, 0.984649, 0.910714
0.0213472, 0.0904801, 0.984649, 0.910714
0.0212826, 0.0911372, 0.984649, 0.910714
0.0212203, 0.0917283, 0.984649, 0.910714
0.0211594, 0.0923857, 0.984649, 0.910714
0.0211007, 0.0929524, 0.984649, 0.910714
0.0210429, 0.0936176, 0.984649, 0.910714
0.0209872, 0.0941521, 0.984649, 0.910714
0.0209318, 0.0948374, 0.984649, 0.910714
0.0208788, 0.0953255, 0.984649, 0.910714
0.0208254, 0.0960519, 0.984649, 0.910714
0.0207751, 0.0964677, 0.984649, 0.910714
0.020723, 0.097272, 0.984649, 0.910714
0.0206755, 0.0975676, 0.984649, 0.910714
0.0206243, 0.0985172, 0.984649, 0.910714
0.0205805, 0.0986029, 0.984649, 0.910714
0.0205296, 0.0998241, 0.984649, 0.910714
0.020492, 0.0995285, 0.984649, 0.910714
0.020442, 0.101266, 0.984649, 0.910714
0.020418, 0.100255, 0.984649, 0.910714
0.0203747, 0.102995, 0.984649, 0.910714
0.0203885, 0.10061, 0.986842, 0.910714
0.0203851, 0.105358, 0.984649, 0.910714
0.0205252, 0.100274, 0.986842, 0.910714
0.0207299, 0.109227, 0.982456, 0.910714
0.0213609, 0.0987445, 0.984649, 0.910714
0.0227153, 0.117332, 0.975877, 0.892857
0.0257714, 0.0959226, 0.982456, 0.910714
0.0356115, 0.144246, 0.960526, 0.892857
0.0607117, 0.10467, 0.940789, 0.910714
0.160837, 0.305585, 0.888158, 0.839286
0.27366, 0.261317, 0.798246, 0.803571
0.516736, 0.555166, 0.712719, 0.714286
0.0649941, 0.0687053, 0.932018, 0.946429
0.0545699, 0.124142, 0.947368, 0.875
0.0391183, 0.0583756, 0.982456, 0.964286
0.035158, 0.0875947, 0.967105, 0.910714
0.0314172, 0.0617891, 0.982456, 0.928571
0.0299507, 0.0760301, 0.973684, 0.892857
0.0284755, 0.0655068, 0.980263, 0.928571
0.0276208, 0.0724809, 0.975877, 0.892857
0.0267537, 0.0679702, 0.982456, 0.928571
0.0261249, 0.0717196, 0.982456, 0.928571
0.0255163, 0.069802, 0.984649, 0.928571
0.0250253, 0.0721076, 0.982456, 0.928571
0.0245666, 0.0714158, 0.982456, 0.928571
0.0241761, 0.0730489, 0.982456, 0.928571
0.0238176, 0.0729815, 0.982456, 0.928571
0.0235032, 0.074287, 0.982456, 0.928571
0.0232163, 0.0745565, 0.982456, 0.928571
0.0229599, 0.0756943, 0.982456, 0.928571
0.0227261, 0.0761528, 0.982456, 0.928571
0.0225143, 0.077199, 0.982456, 0.928571
0.0223208, 0.0777652, 0.984649, 0.928571
0.0221436, 0.0787573, 0.984649, 0.928571
0.0219812, 0.0793838, 0.984649, 0.928571
0.0218311, 0.0803405, 0.984649, 0.928571
0.0216928, 0.0809979, 0.984649, 0.910714
0.021564, 0.0819296, 0.984649, 0.910714
0.0214449, 0.0825985, 0.984649, 0.910714
0.0213329, 0.0835115, 0.984649, 0.910714
0.0212289, 0.0841785, 0.984649, 0.910714
0.0211304, 0.0850779, 0.984649, 0.910714
0.0210386, 0.0857324, 0.984649, 0.910714
0.0209507, 0.0866234, 0.984649, 0.910714
0.0208687, 0.0872561, 0.984649, 0.910714
0.0207894, 0.0881453, 0.984649, 0.910714
0.0207154, 0.0887466, 0.984649, 0.910714
0.020643, 0.089643, 0.984649, 0.910714
0.0205756, 0.0902012, 0.984649, 0.910714
0.0205087, 0.0911179, 0.984649, 0.910714
0.0204469, 0.0916165, 0.984649, 0.910714
0.0203843, 0.0925738, 0.984649, 0.910714
0.0203273, 0.0929881, 0.984649, 0.910714
0.0202681, 0.0940178, 0.984649, 0.910714
0.0202157, 0.0943084, 0.986842, 0.910714
0.020159, 0.0954621, 0.984649, 0.910714
0.0201114, 0.095564, 0.986842, 0.910714
0.0200563, 0.0969281, 0.984649, 0.910714
0.0200148, 0.0967308, 0.986842, 0.910714
0.0199611, 0.098454, 0.984649, 0.910714
